gene_id,promoter_sequence,position_in_upstream,w_content,score,original_sequence
gene-NCTC11427_00002,AATAAA,0,6,6,AATAAAGGAGA
gene-NCTC11427_00013,ATTTAT,4,6,6,AAAGATTTATC
gene-NCTC11427_00017,AAAAAA,4,6,6,GGTCAAAAAAT
gene-NCTC11427_00034,AATAAA,5,6,6,AGGAGAATAAA
gene-NCTC11427_00047,AAAAAA,0,6,6,AAAAAAGGAAA
gene-NCTC11427_00128,TTTATA,0,6,6,TTTATAGGAGA
gene-NCTC11427_00129,TAAAAA,0,6,6,TAAAAAGGACT
gene-NCTC11427_00133,AAAAAA,4,6,6,GGTCAAAAAAT
gene-NCTC11427_00137,TTTTTT,4,6,6,CAAGTTTTTTA
gene-NCTC11427_00138,ATTTAT,4,6,6,GCCCATTTATA
gene-NCTC11427_00140,TTTTTA,3,6,6,TCCTTTTTATA
gene-NCTC11427_00142,ATTTTA,0,6,6,ATTTTATTTAT
gene-NCTC11427_00144,TTAATA,2,6,6,TGTTAATATGA
gene-NCTC11427_00145,TATTTT,3,6,6,GCCTATTTTAT
gene-NCTC11427_00153,TATAAT,3,6,6,TGGTATAATGA
gene-NCTC11427_00160,TAAATT,3,6,6,AGGTAAATTTT
gene-NCTC11427_00162,AATTAT,0,6,6,AATTATATCTA
gene-NCTC11427_00179,ATAAAA,2,6,6,TGATAAAATAA
gene-NCTC11427_00186,AAAAAA,4,6,6,GGTCAAAAAAT
gene-NCTC11427_00192,ATAATA,2,6,6,GCATAATAGAA
gene-NCTC11427_00195,ATATAA,3,6,6,GGCATATAATG
gene-NCTC11427_00196,TTTTTT,0,6,6,TTTTTTTATTT
gene-NCTC11427_00200,AATTAA,0,6,6,AATTAAGGAGA
gene-NCTC11427_00201,ATATAA,2,6,6,TGATATAATAG
gene-NCTC11427_00211,AATATA,3,6,6,AACAATATAAA
gene-NCTC11427_00239,ATTTTT,0,6,6,ATTTTTAAAGA
gene-NCTC11427_00241,TTATAA,2,6,6,TGTTATAATAT
gene-NCTC11427_00244,TATAAT,2,6,6,GGTATAATAAA
gene-NCTC11427_00249,AAATAA,1,6,6,GAAATAAGGAG
gene-NCTC11427_00251,TAATAA,0,6,6,TAATAATAAAC
gene-NCTC11427_00253,TTAAAA,0,6,6,TTAAAAGGAAA
gene-NCTC11427_00263,TTAAAA,5,6,6,CAACCTTAAAA
gene-NCTC11427_00282,TTTAAA,0,6,6,TTTAAAGGGTA
gene-NCTC11427_00287,AAATTT,0,6,6,AAATTTTCTAT
gene-NCTC11427_00289,TAAAAA,0,6,6,TAAAAAGGAGA
gene-NCTC11427_00315,AAAAAT,5,6,6,AAGAGAAAAAT
gene-NCTC11427_00316,AATTTA,5,6,6,TAAGGAATTTA
gene-NCTC11427_00317,AAAAAA,5,6,6,AAAGGAAAAAA
gene-NCTC11427_00318,AAAATA,5,6,6,AAAGGAAAATA
gene-NCTC11427_00350,AATAAA,4,6,6,GGAGAATAAAT
gene-NCTC11427_00359,TAATTA,0,6,6,TAATTAGGAGG
gene-NCTC11427_00374,TAAAAA,0,6,6,TAAAAAGAGGA
gene-NCTC11427_00384,TTTTAA,2,6,6,TCTTTTAAAGA
gene-NCTC11427_00406,ATTTTT,5,6,6,AGGAGATTTTT
gene-NCTC11427_00440,TTAAAT,5,6,6,GGAGGTTAAAT
gene-NCTC11427_00461,TATAAT,3,6,6,TGCTATAATGG
gene-NCTC11427_00469,AATTTA,5,6,6,AGGAGAATTTA
gene-NCTC11427_00470,ATTTAA,0,6,6,ATTTAAGGAGG
gene-NCTC11427_00489,TTATAA,0,6,6,TTATAAGGAGA
gene-NCTC11427_00492,ATAAAA,1,6,6,GATAAAATAGA
gene-NCTC11427_00497,ATATAA,2,6,6,TGATATAATAG
gene-NCTC11427_00507,TAAATT,0,6,6,TAAATTGGAGC
gene-NCTC11427_00518,TAAAAT,1,6,6,CTAAAATCTGT
gene-NCTC11427_00520,ATTTTA,5,6,6,AGGAGATTTTA
gene-NCTC11427_00522,ATATTA,0,6,6,ATATTAGAGGA
gene-NCTC11427_00539,TATAAA,0,6,6,TATAAAGGAGT
gene-NCTC11427_00589,ATATAA,0,6,6,ATATAATTTTT
gene-NCTC11427_00594,TAAAAA,0,6,6,TAAAAAAATGG
gene-NCTC11427_00614,AAATTA,4,6,6,TCAGAAATTAA
gene-NCTC11427_00620,TTATAA,2,6,6,TGTTATAATAG
gene-NCTC11427_00632,TATAAT,3,6,6,TGGTATAATAA
gene-NCTC11427_00655,TTAATA,1,6,6,CTTAATATCTT
gene-NCTC11427_00657,AAATAT,3,6,6,AGGAAATATTG
gene-NCTC11427_00676,ATAAAA,0,6,6,ATAAAAGGAAA
gene-NCTC11427_00679,TATAAT,3,6,6,TGCTATAATGG
gene-NCTC11427_00685,TTTTAA,0,6,6,TTTTAAGGAGA
gene-NCTC11427_00725,TATATT,2,6,6,GGTATATTTTA
gene-NCTC11427_00729,TATAAT,2,6,6,GGTATAATTTT
gene-NCTC11427_00732,ATAAAT,0,6,6,ATAAATTGGTA
gene-NCTC11427_00739,AAATTT,0,6,6,AAATTTTGACA
gene-NCTC11427_00762,TATAAT,2,6,6,GGTATAATGAG
gene-NCTC11427_00779,ATAATT,0,6,6,ATAATTTTATC
gene-NCTC11427_00782,TATAAT,2,6,6,GGTATAATAAA
gene-NCTC11427_00845,ATAAAA,0,6,6,ATAAAAGGAAT
gene-NCTC11427_00852,TTTTTA,4,6,6,ATACTTTTTAG
gene-NCTC11427_00858,AAATAA,5,6,6,ACGTGAAATAA
gene-NCTC11427_00860,AATTAA,2,6,6,AGAATTAAACA
gene-NCTC11427_00900,ATATTT,2,6,6,TGATATTTTAC
gene-NCTC11427_00901,ATTTAA,5,6,6,AAAGGATTTAA
gene-NCTC11427_00906,AAAAAA,2,6,6,GGAAAAAATTA
gene-NCTC11427_00908,TTTTAA,1,6,6,GTTTTAACATG
gene-NCTC11427_00916,ATTTAA,0,6,6,ATTTAATGTTT
gene-NCTC11427_00922,ATTTAA,1,6,6,GATTTAAAGGT
gene-NCTC11427_00925,TAAAAA,0,6,6,TAAAAAGGACT
gene-NCTC11427_00930,TATTAA,2,6,6,AGTATTAATTA
gene-NCTC11427_00944,ATTTAA,0,6,6,ATTTAAGGAGA
gene-NCTC11427_00970,ATTTTT,0,6,6,ATTTTTGGAAA
gene-NCTC11427_00980,TATTAA,0,6,6,TATTAAGGAGA
gene-NCTC11427_01002,TAAAAT,3,6,6,TAGTAAAATAG
gene-NCTC11427_01018,AAATAA,0,6,6,AAATAAGGTGA
gene-NCTC11427_01020,ATAATT,5,6,6,GAAAGATAATT
gene-NCTC11427_01041,AAATTA,0,6,6,AAATTAGGTAG
gene-NCTC11427_01053,TATAAT,3,6,6,TGGTATAATAG
gene-NCTC11427_01059,ATATAA,2,6,6,TGATATAATAG
gene-NCTC11427_01062,ATAATA,0,6,6,ATAATAAGACA
gene-NCTC11427_01087,AAAAAA,5,6,6,GTGAGAAAAAA
gene-NCTC11427_01099,ATTATT,1,6,6,GATTATTGGCG
gene-NCTC11427_01106,ATATAA,2,6,6,TGATATAATAG
gene-NCTC11427_01117,TATAAT,3,6,6,TGGTATAATAG
